question,synonym_phrases
Tell me about yourself,"Introduce yourself, Give your self introduction, Can you tell me about yourself, Briefly describe yourself, Say something about yourself, Tell something about your background"
Tell me about yourself,"Introduce yourself, Give your self introduction, Can you tell me about yourself, Briefly describe yourself, Say something about yourself, Tell something about your background"
Tell me about yourself,"Introduce yourself, Give your self introduction, Can you tell me about yourself, Briefly describe yourself, Say something about yourself, Tell something about your background"
Tell me about yourself,"Introduce yourself, Give your self introduction, Can you tell me about yourself, Briefly describe yourself, Say something about yourself, Tell something about your background"
Tell me about yourself,"Introduce yourself, Give your self introduction, Can you tell me about yourself, Briefly describe yourself, Say something about yourself, Tell something about your background"
Tell me about yourself,"Introduce yourself, Give your self introduction, Can you tell me about yourself, Briefly describe yourself, Say something about yourself, Tell something about your background"
Tell me about yourself,"Introduce yourself, Give your self introduction, Can you tell me about yourself, Briefly describe yourself, Say something about yourself, Tell something about your background"
Tell me about yourself,"Introduce yourself, Give your self introduction, Can you tell me about yourself, Briefly describe yourself, Say something about yourself, Tell something about your background"
Tell me about yourself,"Introduce yourself, Give your self introduction, Can you tell me about yourself, Briefly describe yourself, Say something about yourself, Tell something about your background"
Tell me about yourself,"Introduce yourself, Give your self introduction, Can you tell me about yourself, Briefly describe yourself, Say something about yourself, Tell something about your background"
What are your strengths,"Tell me your strengths, What are you good at, What qualities do you have, Your positive points, Your strong skills, What makes you a strong candidate"
What are your strengths,"Tell me your strengths, What are you good at, What qualities do you have, Your positive points, Your strong skills, What makes you a strong candidate"
What are your strengths,"Tell me your strengths, What are you good at, What qualities do you have, Your positive points, Your strong skills, What makes you a strong candidate"
What are your strengths,"Tell me your strengths, What are you good at, What qualities do you have, Your positive points, Your strong skills, What makes you a strong candidate"
What are your strengths,"Tell me your strengths, What are you good at, What qualities do you have, Your positive points, Your strong skills, What makes you a strong candidate"
What are your strengths,"Tell me your strengths, What are you good at, What qualities do you have, Your positive points, Your strong skills, What makes you a strong candidate"
What are your strengths,"Tell me your strengths, What are you good at, What qualities do you have, Your positive points, Your strong skills, What makes you a strong candidate"
What are your strengths,"Tell me your strengths, What are you good at, What qualities do you have, Your positive points, Your strong skills, What makes you a strong candidate"
What are your strengths,"Tell me your strengths, What are you good at, What qualities do you have, Your positive points, Your strong skills, What makes you a strong candidate"
What are your strengths,"Tell me your strengths, What are you good at, What qualities do you have, Your positive points, Your strong skills, What makes you a strong candidate"
What are your weaknesses,"Tell me your weaknesses, What are your weak points, Which skills are you improving, What do you want to improve in yourself, Your area of improvement, One weakness you have"
What are your weaknesses,"Tell me your weaknesses, What are your weak points, Which skills are you improving, What do you want to improve in yourself, Your area of improvement, One weakness you have"
What are your weaknesses,"Tell me your weaknesses, What are your weak points, Which skills are you improving, What do you want to improve in yourself, Your area of improvement, One weakness you have"
What are your weaknesses,"Tell me your weaknesses, What are your weak points, Which skills are you improving, What do you want to improve in yourself, Your area of improvement, One weakness you have"
What are your weaknesses,"Tell me your weaknesses, What are your weak points, Which skills are you improving, What do you want to improve in yourself, Your area of improvement, One weakness you have"
What are your weaknesses,"Tell me your weaknesses, What are your weak points, Which skills are you improving, What do you want to improve in yourself, Your area of improvement, One weakness you have"
What are your weaknesses,"Tell me your weaknesses, What are your weak points, Which skills are you improving, What do you want to improve in yourself, Your area of improvement, One weakness you have"
What are your weaknesses,"Tell me your weaknesses, What are your weak points, Which skills are you improving, What do you want to improve in yourself, Your area of improvement, One weakness you have"
What are your weaknesses,"Tell me your weaknesses, What are your weak points, Which skills are you improving, What do you want to improve in yourself, Your area of improvement, One weakness you have"
What are your weaknesses,"Tell me your weaknesses, What are your weak points, Which skills are you improving, What do you want to improve in yourself, Your area of improvement, One weakness you have"
Why should we hire you,"Why do you think we should hire you, What makes you a good fit for this job, Why are you suitable for this role, Why do you want this job, What value can you bring to our company, Why should we select you"
Why should we hire you,"Why do you think we should hire you, What makes you a good fit for this job, Why are you suitable for this role, Why do you want this job, What value can you bring to our company, Why should we select you"
Why should we hire you,"Why do you think we should hire you, What makes you a good fit for this job, Why are you suitable for this role, Why do you want this job, What value can you bring to our company, Why should we select you"
Why should we hire you,"Why do you think we should hire you, What makes you a good fit for this job, Why are you suitable for this role, Why do you want this job, What value can you bring to our company, Why should we select you"
Why should we hire you,"Why do you think we should hire you, What makes you a good fit for this job, Why are you suitable for this role, Why do you want this job, What value can you bring to our company, Why should we select you"
Why should we hire you,"Why do you think we should hire you, What makes you a good fit for this job, Why are you suitable for this role, Why do you want this job, What value can you bring to our company, Why should we select you"
Why should we hire you,"Why do you think we should hire you, What makes you a good fit for this job, Why are you suitable for this role, Why do you want this job, What value can you bring to our company, Why should we select you"
Why should we hire you,"Why do you think we should hire you, What makes you a good fit for this job, Why are you suitable for this role, Why do you want this job, What value can you bring to our company, Why should we select you"
Why should we hire you,"Why do you think we should hire you, What makes you a good fit for this job, Why are you suitable for this role, Why do you want this job, What value can you bring to our company, Why should we select you"
Why should we hire you,"Why do you think we should hire you, What makes you a good fit for this job, Why are you suitable for this role, Why do you want this job, What value can you bring to our company, Why should we select you"
Where do you see yourself in 5 years,"What are your future goals, What is your career plan, Where do you want to be in the future, What is your long term goal, How do you imagine your career after 5 years, Your future career growth"
Where do you see yourself in 5 years,"What are your future goals, What is your career plan, Where do you want to be in the future, What is your long term goal, How do you imagine your career after 5 years, Your future career growth"
Where do you see yourself in 5 years,"What are your future goals, What is your career plan, Where do you want to be in the future, What is your long term goal, How do you imagine your career after 5 years, Your future career growth"
Where do you see yourself in 5 years,"What are your future goals, What is your career plan, Where do you want to be in the future, What is your long term goal, How do you imagine your career after 5 years, Your future career growth"
Where do you see yourself in 5 years,"What are your future goals, What is your career plan, Where do you want to be in the future, What is your long term goal, How do you imagine your career after 5 years, Your future career growth"
Where do you see yourself in 5 years,"What are your future goals, What is your career plan, Where do you want to be in the future, What is your long term goal, How do you imagine your career after 5 years, Your future career growth"
Where do you see yourself in 5 years,"What are your future goals, What is your career plan, Where do you want to be in the future, What is your long term goal, How do you imagine your career after 5 years, Your future career growth"
Where do you see yourself in 5 years,"What are your future goals, What is your career plan, Where do you want to be in the future, What is your long term goal, How do you imagine your career after 5 years, Your future career growth"
Where do you see yourself in 5 years,"What are your future goals, What is your career plan, Where do you want to be in the future, What is your long term goal, How do you imagine your career after 5 years, Your future career growth"
Where do you see yourself in 5 years,"What are your future goals, What is your career plan, Where do you want to be in the future, What is your long term goal, How do you imagine your career after 5 years, Your future career growth"
What motivates you to work,"What keeps you motivated, What inspires you to do your best, Why do you want to work, What drives you at work, What encourages you to perform well, Your motivation source"
What motivates you to work,"What keeps you motivated, What inspires you to do your best, Why do you want to work, What drives you at work, What encourages you to perform well, Your motivation source"
What motivates you to work,"What keeps you motivated, What inspires you to do your best, Why do you want to work, What drives you at work, What encourages you to perform well, Your motivation source"
What motivates you to work,"What keeps you motivated, What inspires you to do your best, Why do you want to work, What drives you at work, What encourages you to perform well, Your motivation source"
What motivates you to work,"What keeps you motivated, What inspires you to do your best, Why do you want to work, What drives you at work, What encourages you to perform well, Your motivation source"
What motivates you to work,"What keeps you motivated, What inspires you to do your best, Why do you want to work, What drives you at work, What encourages you to perform well, Your motivation source"
What motivates you to work,"What keeps you motivated, What inspires you to do your best, Why do you want to work, What drives you at work, What encourages you to perform well, Your motivation source"
What motivates you to work,"What keeps you motivated, What inspires you to do your best, Why do you want to work, What drives you at work, What encourages you to perform well, Your motivation source"
What motivates you to work,"What keeps you motivated, What inspires you to do your best, Why do you want to work, What drives you at work, What encourages you to perform well, Your motivation source"
What motivates you to work,"What keeps you motivated, What inspires you to do your best, Why do you want to work, What drives you at work, What encourages you to perform well, Your motivation source"
Tell me about a challenge you faced and how you solved it,"Describe a difficult situation and how you handled it, Give an example of a problem you solved, Explain a challenge and your solution, Share any real life problem you faced, Tell a time when you overcame difficulty, How did you deal with a tough situation"
Tell me about a challenge you faced and how you solved it,"Describe a difficult situation and how you handled it, Give an example of a problem you solved, Explain a challenge and your solution, Share any real life problem you faced, Tell a time when you overcame difficulty, How did you deal with a tough situation"
Tell me about a challenge you faced and how you solved it,"Describe a difficult situation and how you handled it, Give an example of a problem you solved, Explain a challenge and your solution, Share any real life problem you faced, Tell a time when you overcame difficulty, How did you deal with a tough situation"
Tell me about a challenge you faced and how you solved it,"Describe a difficult situation and how you handled it, Give an example of a problem you solved, Explain a challenge and your solution, Share any real life problem you faced, Tell a time when you overcame difficulty, How did you deal with a tough situation"
Tell me about a challenge you faced and how you solved it,"Describe a difficult situation and how you handled it, Give an example of a problem you solved, Explain a challenge and your solution, Share any real life problem you faced, Tell a time when you overcame difficulty, How did you deal with a tough situation"
Tell me about a challenge you faced and how you solved it,"Describe a difficult situation and how you handled it, Give an example of a problem you solved, Explain a challenge and your solution, Share any real life problem you faced, Tell a time when you overcame difficulty, How did you deal with a tough situation"
Tell me about a challenge you faced and how you solved it,"Describe a difficult situation and how you handled it, Give an example of a problem you solved, Explain a challenge and your solution, Share any real life problem you faced, Tell a time when you overcame difficulty, How did you deal with a tough situation"
Tell me about a challenge you faced and how you solved it,"Describe a difficult situation and how you handled it, Give an example of a problem you solved, Explain a challenge and your solution, Share any real life problem you faced, Tell a time when you overcame difficulty, How did you deal with a tough situation"
Tell me about a challenge you faced and how you solved it,"Describe a difficult situation and how you handled it, Give an example of a problem you solved, Explain a challenge and your solution, Share any real life problem you faced, Tell a time when you overcame difficulty, How did you deal with a tough situation"
Tell me about a challenge you faced and how you solved it,"Describe a difficult situation and how you handled it, Give an example of a problem you solved, Explain a challenge and your solution, Share any real life problem you faced, Tell a time when you overcame difficulty, How did you deal with a tough situation"
How do you handle stress,"How do you deal with pressure, How do you stay calm under stress, What do you do when work is stressful, How do you manage stressful situations, How do you control stress at work, Describe your stress management technique"
How do you handle stress,"How do you deal with pressure, How do you stay calm under stress, What do you do when work is stressful, How do you manage stressful situations, How do you control stress at work, Describe your stress management technique"
How do you handle stress,"How do you deal with pressure, How do you stay calm under stress, What do you do when work is stressful, How do you manage stressful situations, How do you control stress at work, Describe your stress management technique"
How do you handle stress,"How do you deal with pressure, How do you stay calm under stress, What do you do when work is stressful, How do you manage stressful situations, How do you control stress at work, Describe your stress management technique"
How do you handle stress,"How do you deal with pressure, How do you stay calm under stress, What do you do when work is stressful, How do you manage stressful situations, How do you control stress at work, Describe your stress management technique"
How do you handle stress,"How do you deal with pressure, How do you stay calm under stress, What do you do when work is stressful, How do you manage stressful situations, How do you control stress at work, Describe your stress management technique"
How do you handle stress,"How do you deal with pressure, How do you stay calm under stress, What do you do when work is stressful, How do you manage stressful situations, How do you control stress at work, Describe your stress management technique"
How do you handle stress,"How do you deal with pressure, How do you stay calm under stress, What do you do when work is stressful, How do you manage stressful situations, How do you control stress at work, Describe your stress management technique"
How do you handle stress,"How do you deal with pressure, How do you stay calm under stress, What do you do when work is stressful, How do you manage stressful situations, How do you control stress at work, Describe your stress management technique"
How do you handle stress,"How do you deal with pressure, How do you stay calm under stress, What do you do when work is stressful, How do you manage stressful situations, How do you control stress at work, Describe your stress management technique"
Do you prefer working alone or in a team,"Are you comfortable working in a team, Do you like teamwork, Are you a team player, Can you work individually, Team or independent work preference, Are you good in team collaboration"
Do you prefer working alone or in a team,"Are you comfortable working in a team, Do you like teamwork, Are you a team player, Can you work individually, Team or independent work preference, Are you good in team collaboration"
Do you prefer working alone or in a team,"Are you comfortable working in a team, Do you like teamwork, Are you a team player, Can you work individually, Team or independent work preference, Are you good in team collaboration"
Do you prefer working alone or in a team,"Are you comfortable working in a team, Do you like teamwork, Are you a team player, Can you work individually, Team or independent work preference, Are you good in team collaboration"
Do you prefer working alone or in a team,"Are you comfortable working in a team, Do you like teamwork, Are you a team player, Can you work individually, Team or independent work preference, Are you good in team collaboration"
Do you prefer working alone or in a team,"Are you comfortable working in a team, Do you like teamwork, Are you a team player, Can you work individually, Team or independent work preference, Are you good in team collaboration"
Do you prefer working alone or in a team,"Are you comfortable working in a team, Do you like teamwork, Are you a team player, Can you work individually, Team or independent work preference, Are you good in team collaboration"
Do you prefer working alone or in a team,"Are you comfortable working in a team, Do you like teamwork, Are you a team player, Can you work individually, Team or independent work preference, Are you good in team collaboration"
Do you prefer working alone or in a team,"Are you comfortable working in a team, Do you like teamwork, Are you a team player, Can you work individually, Team or independent work preference, Are you good in team collaboration"
Do you prefer working alone or in a team,"Are you comfortable working in a team, Do you like teamwork, Are you a team player, Can you work individually, Team or independent work preference, Are you good in team collaboration"
How do you prioritize your tasks,"How do you manage time and tasks, How do you organize your work, How do you decide what to work on first, Explain time management method, How do you set priority in work, How do you plan daily tasks"
How do you prioritize your tasks,"How do you manage time and tasks, How do you organize your work, How do you decide what to work on first, Explain time management method, How do you set priority in work, How do you plan daily tasks"
How do you prioritize your tasks,"How do you manage time and tasks, How do you organize your work, How do you decide what to work on first, Explain time management method, How do you set priority in work, How do you plan daily tasks"
How do you prioritize your tasks,"How do you manage time and tasks, How do you organize your work, How do you decide what to work on first, Explain time management method, How do you set priority in work, How do you plan daily tasks"
How do you prioritize your tasks,"How do you manage time and tasks, How do you organize your work, How do you decide what to work on first, Explain time management method, How do you set priority in work, How do you plan daily tasks"
How do you prioritize your tasks,"How do you manage time and tasks, How do you organize your work, How do you decide what to work on first, Explain time management method, How do you set priority in work, How do you plan daily tasks"
How do you prioritize your tasks,"How do you manage time and tasks, How do you organize your work, How do you decide what to work on first, Explain time management method, How do you set priority in work, How do you plan daily tasks"
How do you prioritize your tasks,"How do you manage time and tasks, How do you organize your work, How do you decide what to work on first, Explain time management method, How do you set priority in work, How do you plan daily tasks"
How do you prioritize your tasks,"How do you manage time and tasks, How do you organize your work, How do you decide what to work on first, Explain time management method, How do you set priority in work, How do you plan daily tasks"
How do you prioritize your tasks,"How do you manage time and tasks, How do you organize your work, How do you decide what to work on first, Explain time management method, How do you set priority in work, How do you plan daily tasks"
